,Net,sensors,Nodes,Links,read_time,chama_time,chama_score,GA_time,GA_score,PSO_time,PSO_score
0,data/Net1.inp,5,11,13,0.3888962268829345,0.1279919147491455,1963.636363636364,23.296724319458008,7527.272727272727,2.724895715713501,1963.636363636364
1,data/Net1.inp,5,11,13,0.3586740493774414,0.0708081722259521,1963.636363636364,22.240427017211918,7527.272727272727,2.860105514526367,1963.636363636364
0,data/Net1.inp,5,11,13,0.41489219665527344,0.08692312240600586,1963.6363636363637,24.967726230621338,7527.272727272727,2.508977174758911,1963.6363636363637
0,Net1.inp,5,11,13,0.674426794052124,0.1246330738067627,1963.6363636363637,26.390095710754395,7527.272727272727,2.9427123069763184,1963.6363636363637
0,Net1.inp,6,11,13,0.6038675308227539,0.1253066062927246,1636.3636363636365,25.340571880340576,6545.454545454545,2.391979694366455,1963.6363636363637
0,Net1.inp,6,11,13,0.9174637794494629,0.2656824588775635,1636.3636363636365,31.147719383239746,6545.454545454545,2.716818332672119,1963.6363636363637
